timestamp,latitude,longitude,feature_speed,feature_bearing
2025-10-12T10:00:00Z,59.91391068690518,10.75219317887626,1.249080237694725,342.2571503075698
2025-10-12T10:01:00Z,59.91389632674105,10.752172733150747,1.9639878836228102,215.5170543109332
2025-10-12T10:02:00Z,59.913900389146576,10.752184819191404,0.812037280884873,56.158027321032954
2025-10-12T10:03:00Z,59.9139040801556,10.752176591047057,0.6161672243363989,311.82341247897665
2025-10-12T10:04:00Z,59.913900098276166,10.752147140106416,1.7022300234864176,254.90612800657638
2025-10-12T10:05:00Z,59.9139048730325,10.752145317574643,0.5411689885916049,349.16754677831796
2025-10-12T10:06:00Z,59.91390943205319,10.752183030411723,2.1648852816008435,76.44207984417942
2025-10-12T10:07:00Z,59.91391258445343,10.752197171499741,0.8636499344142012,66.02562354723618
2025-10-12T10:08:00Z,59.9139027470361,10.752194094175035,1.1084844859190754,188.91231538760562
2025-10-12T10:09:00Z,59.9138996085369,10.7522177190594,1.3638900372842315,104.8424904712951
2025-10-12T10:10:00Z,59.91390951645605,10.752241456032685,1.723705789444759,50.21778983473506
2025-10-12T10:11:00Z,59.91390301280408,10.75225592023978,1.0842892970704363,131.890263585729
2025-10-12T10:12:00Z,59.913905793726286,10.752231230794672,1.4121399684340719,282.6633461014849
2025-10-12T10:13:00Z,59.91389774707715,10.75222979134306,0.8993475643167195,185.1243978289002
2025-10-12T10:14:00Z,59.913912242046344,10.75223847835665,1.684829137724085,16.72214857919918
2025-10-12T10:15:00Z,59.91391961984771,10.752265459148655,1.7150897038028767,61.38868452742495
2025-10-12T10:16:00Z,59.91392499072096,10.752261894864938,0.630103185970559,341.59879341119995
2025-10-12T10:17:00Z,59.91393282579095,10.7522212275522,2.4312640661491187,291.023045321926
2025-10-12T10:18:00Z,59.91394097189158,10.752232674474739,1.1092275383467414,35.161961042298195
2025-10-12T10:19:00Z,59.91392536001551,10.752244970264789,1.8684660530243138,158.45489774625648
2025-10-12T10:20:00Z,59.913918678962396,10.752245374268194,0.7440764696895577,178.26368764005727
2025-10-12T10:21:00Z,59.91392298123156,10.752239876283479,0.5687770422304368,327.3553447483615
2025-10-12T10:22:00Z,59.91391820623933,10.752224327667792,1.0175599632000338,238.5080223674335
2025-10-12T10:23:00Z,59.91390819453116,10.75222179601235,1.123422152178822,187.22448762401189
2025-10-12T10:24:00Z,59.91391389126724,10.752247990710549,1.5934205586865593,66.54760398918974
2025-10-12T10:25:00Z,59.91391733701428,10.752204825599815,2.439169255529117,279.04781641000125
2025-10-12T10:26:00Z,59.913934209043205,10.752178660405919,2.3789978831283785,322.1378461539536
2025-10-12T10:27:00Z,59.91394764380965,10.752164335429416,1.6957999576221703,331.8747246083221
2025-10-12T10:28:00Z,59.913949668446556,10.752175774714194,0.676985004103839,70.55383047089227
2025-10-12T10:29:00Z,59.91394725062295,10.752185192220955,0.5904545778210761,117.11891907477516
2025-10-12T10:30:00Z,59.91394571603025,10.75220787631525,1.277354579378964,97.68565143860253
2025-10-12T10:31:00Z,59.91393366939656,10.752238161723799,2.1574750183038587,128.43119760969213
2025-10-12T10:32:00Z,59.91392447169938,10.752233118062199,1.0618690193747615,195.37058993696945
2025-10-12T10:33:00Z,59.91392673405608,10.752219854388942,0.7818484499495253,288.79091307145427
2025-10-12T10:34:00Z,59.913932545225244,10.752218897120482,0.6491012873595416,355.2792971761862
2025-10-12T10:35:00Z,59.91393836135914,10.75225364798772,2.044489538593315,71.53764535230206
2025-10-12T10:36:00Z,59.91394019678015,10.752245254027441,0.5110442342472048,293.5661142437403
2025-10-12T10:37:00Z,59.91393793580993,10.752211258863936,1.9137146876952342,262.4425804947554
2025-10-12T10:38:00Z,59.913954334035466,10.752227679566797,2.0425406933718913,26.65607462427253
2025-10-12T10:39:00Z,59.91396249452547,10.75224218987554,1.2169314570885452,41.7128614290467
2025-10-12T10:40:00Z,59.91394820321672,10.752214284639498,2.2262068517511873,224.38732565792085
2025-10-12T10:41:00Z,59.91395781855426,10.752222379434897,1.1617960497052984,22.88100610296851
2025-10-12T10:42:00Z,59.91395323256408,10.752240282769847,1.1219646434313244,117.06599592962894
2025-10-12T10:43:00Z,59.91394180722642,10.75221357792932,1.9592123566761281,229.5206896878767
2025-10-12T10:44:00Z,59.91392168636996,10.75222065712267,2.274425485152653,169.99737305830175
2025-10-12T10:45:00Z,59.91392016647513,10.752207762807956,0.7391884918766034,256.7681234002782
2025-10-12T10:46:00Z,59.91390333593381,10.752194157358025,2.021570097233795,202.05979112501865
2025-10-12T10:47:00Z,59.913885006945435,10.752195583425584,2.041934359909122,177.76641469118067
2025-10-12T10:48:00Z,59.91387253797343,10.752207760742746,1.5454656587639881,153.91476660907787
2025-10-12T10:49:00Z,59.913876392110915,10.752213951311756,0.5508382534881904,38.8409137175896
2025-10-12T10:50:00Z,59.91387308211439,10.752206326736227,0.5628583713734685,229.10774805496095
2025-10-12T10:51:00Z,59.91386295746698,10.752205238064517,1.1287119621526533,183.085448819293
2025-10-12T10:52:00Z,59.913863049952525,10.752246723870327,2.3151329478521863,89.74520249359497
2025-10-12T10:53:00Z,59.91386346369157,10.752223070692352,1.3207658460712595,271.99840987549754
2025-10-12T10:54:00Z,59.913871079128825,10.752231050640225,0.9575963309832449,27.712767538365476
2025-10-12T10:55:00Z,59.913876212218184,10.7522474625837,1.079502905827536,58.039663411441595
2025-10-12T10:56:00Z,59.913883781241246,10.752207971129371,2.359395304685146,290.9233366431901
2025-10-12T10:57:00Z,59.91389475170091,10.752185091504263,1.766807513020847,313.72581246757835
2025-10-12T10:58:00Z,59.91390209815952,10.752219894715552,2.1073441537982287,67.1652211989729
2025-10-12T10:59:00Z,59.913882194669355,10.752209875262352,2.2851179969799555,194.16320708963426
2025-10-12T11:00:00Z,59.91389728568563,10.752186853310297,2.1148803103281253,322.59286797245755
2025-10-12T11:01:00Z,59.91390514655616,10.752199834334109,1.1360069499437278,39.618692829963635
2025-10-12T11:02:00Z,59.91389744480454,10.752207407856398,0.9558703250838834,153.75880390545228
2025-10-12T11:03:00Z,59.91390974355713,10.752178027386345,2.1360295318449865,309.86300997228363
2025-10-12T11:04:00Z,59.9139051376191,10.752177406002504,0.5139042610623814,183.86902892792367
2025-10-12T11:05:00Z,59.91390722829764,10.752200959103392,1.334822006297558,79.95881176946288
2025-10-12T11:06:00Z,59.913903752151704,10.75221225641672,0.7397307346673656,121.54146170530606
2025-10-12T11:07:00Z,59.91389423842588,10.75225056629052,2.3858194078250383,116.35305552747188
2025-10-12T11:08:00Z,59.91389022013163,10.752224205201378,1.5375812434867322,253.08682520226404
2025-10-12T11:09:00Z,59.91390107191391,10.752220326452544,1.227259204758588,349.84154977954586
2025-10-12T11:10:00Z,59.91390082798109,10.752263776876655,2.4248945898842225,90.6416264971311
2025-10-12T11:11:00Z,59.91389660895713,10.752289200866644,1.494497011784771,108.31619153403707
2025-10-12T11:12:00Z,59.91390596109306,10.752293603779579,1.0696809887549352,13.279301047631806
2025-10-12T11:13:00Z,59.913890520155924,10.752293085251031,1.7191286679597937,180.96444836239013
2025-10-12T11:14:00Z,59.91388955050167,10.75230371545913,0.6029575024999787,100.31272712518012
2025-10-12T11:15:00Z,59.91389091431643,10.752345137529687,2.3165317719333074,86.24228064011007
2025-10-12T11:16:00Z,59.91388383512042,10.752346074747422,0.7897897441824462,176.20299369992267
2025-10-12T11:17:00Z,59.91388494284293,10.75239030429251,2.4713009082212016,87.13989774414014
2025-10-12T11:18:00Z,59.913886151316895,10.752357343741075,1.844271094811757,274.1830615183383
2025-10-12T11:19:00Z,59.91388495593232,10.752340030650144,0.9752750879847993,262.15788550026946
2025-10-12T11:20:00Z,59.9138774760019,10.752323672783202,1.2355662654385065,227.6300990136886
2025-10-12T11:21:00Z,59.91386200163783,10.752316614947159,1.7670594215217894,192.87888626691304
2025-10-12T11:22:00Z,59.91386512377173,10.752306129413153,0.6805795401088166,300.7088984121257
2025-10-12T11:23:00Z,59.913869106450385,10.752324979918587,1.1415601299434717,67.14666374394753
2025-10-12T11:24:00Z,59.913864711345035,10.752319346714307,0.5815502831095278,212.72145954776704
2025-10-12T11:25:00Z,59.91388128574284,10.752322805190754,1.8551287236845648,5.971618414028215
2025-10-12T11:26:00Z,59.9138833004448,10.752349820682511,1.524186116598562,81.53847907125767
2025-10-12T11:27:00Z,59.91389065890427,10.752378347982544,1.7903455808188997,62.771914441796916
2025-10-12T11:28:00Z,59.91387785706338,10.75240037190898,1.881875476204932,139.22472466819346
2025-10-12T11:29:00Z,59.91389170184809,10.752432716697605,2.373459977473469,49.507539892557574
2025-10-12T11:30:00Z,59.9138997344378,10.752446572449612,1.182132702100517,40.85046764661207
2025-10-12T11:31:00Z,59.91391487552302,10.752417243959956,2.3493872365571256,315.8421672171532
2025-10-12T11:32:00Z,59.913909984906354,10.752401874596083,1.0158832554303112,237.59425657230446
2025-10-12T11:33:00Z,59.91389195271238,10.752388873014262,2.1344444004024314,199.87229217580645
2025-10-12T11:34:00Z,59.913892669486756,10.752416778457501,1.559301156712013,87.0668247241626
2025-10-12T11:35:00Z,59.91389759233381,10.752409377823497,0.6862055356117984,322.99767286319764
2025-10-12T11:36:00Z,59.91388373993217,10.75237877813993,2.300836114326661,227.91652461837646
2025-10-12T11:37:00Z,59.91387756220839,10.752395918185,1.1780595820974014,125.71544686055792
2025-10-12T11:38:00Z,59.91389155824654,10.752374848582873,1.9519113577404787,322.95969358292774
2025-10-12T11:39:00Z,59.91389537059415,10.752334812195196,2.2741728485302346,280.7551965087446
2025-10-12T11:40:00Z,59.91390920910744,10.752350937161184,1.7840632923085755,30.29038739821758
2025-10-12T11:41:00Z,59.91391515238761,10.752342157826932,0.8232574281892275,323.47950786974855
2025-10-12T11:42:00Z,59.9139305135,10.752343930532955,1.7128581193191799,3.3109385819866732
2025-10-12T11:43:00Z,59.9139272480763,10.752333149060952,0.7029430857320642,238.8606368789001
2025-10-12T11:44:00Z,59.91392968382341,10.752340892010231,0.5101231676924374,57.890898510299515
2025-10-12T11:45:00Z,59.91392456040321,10.752314152624999,1.5974675787331722,249.08227116936956
2025-10-12T11:46:00Z,59.91392716885282,10.7523460566891,1.803922519005201,80.73695140580152
2025-10-12T11:47:00Z,59.91392855232112,10.752380429845754,1.9243584426950717,85.40967149884803
2025-10-12T11:48:00Z,59.9139283244421,10.752359812970994,1.1507993963185355,268.7369058424887
2025-10-12T11:49:00Z,59.91393776090118,10.752333636357294,1.7992657980944293,305.72042777790404
2025-10-12T11:50:00Z,59.91392293350068,10.752320100104138,1.8152257846006867,204.59109720076978
2025-10-12T11:51:00Z,59.913918771770994,10.752329198920805,0.687349535656185,132.37768910139607
2025-10-12T11:52:00Z,59.9139191212423,10.752347650209767,1.030404735363451,87.83627161647009
2025-10-12T11:53:00Z,59.91390192146284,10.752374927026793,2.4460211095048914,141.51518088003374
2025-10-12T11:54:00Z,59.91388798310993,10.752344890624483,2.2840931103542266,227.20990535901464
2025-10-12T11:55:00Z,59.91386921437324,10.752344270210562,2.089622607083297,180.94935351786916
2025-10-12T11:56:00Z,59.91385437444792,10.75234566294512,1.6538077692527182,177.306369774791
2025-10-12T11:57:00Z,59.9138529967586,10.752329944250878,0.890485975596089,260.0827614941419
2025-10-12T11:58:00Z,59.91386242165424,10.75233283923758,1.0615447248817116,8.753747915323382
2025-10-12T11:59:00Z,59.91386953482833,10.75236162499408,1.7909445918143356,63.75984458653762
2025-10-12T12:00:00Z,59.91389003299775,10.752349446281775,2.3809171687058286,343.41428772093144
2025-10-12T12:01:00Z,59.91387569144413,10.752379850607376,2.329728780440897,133.25713209196
2025-10-12T12:02:00Z,59.913879985099385,10.752375709133823,0.5309132330577349,334.1946825315811
2025-10-12T12:03:00Z,59.913891903060204,10.752370653952692,1.3563682966346287,347.995734855721
2025-10-12T12:04:00Z,59.91390505047051,10.752335955310208,2.4272399541785057,307.0834039682496
2025-10-12T12:05:00Z,59.91389770914547,10.752348850246337,1.0888977841391714,138.6351822966931
2025-10-12T12:06:00Z,59.91388963358093,10.752384876478418,2.202273343033714,114.09192185625996
2025-10-12T12:07:00Z,59.91388257179157,10.75237962403294,0.838985493372185,200.44845448500607
2025-10-12T12:08:00Z,59.91387548292928,10.752339534082017,2.372309548321562,250.5707268029903
2025-10-12T12:09:00Z,59.913887554253435,10.752356384758363,1.64012234017873,34.983537757476675
2025-10-12T12:10:00Z,59.91390306482944,10.752354448648093,1.7300144533983395,356.41938603753476
2025-10-12T12:11:00Z,59.9138961029201,10.752352842113178,0.7801680304730481,186.59867485094523
2025-10-12T12:12:00Z,59.91389492875947,10.752312505909677,2.254746143855911,266.6767023915136
2025-10-12T12:13:00Z,59.91388992424396,10.752280067019354,1.894031481990536,252.89427023535933
2025-10-12T12:14:00Z,59.91388696237645,10.752301096457284,1.2189823024395103,105.69306393521761
2025-10-12T12:15:00Z,59.91389398139411,10.752265805928687,2.1187223109570272,291.6408220845051
2025-10-12T12:16:00Z,59.913911142124114,10.752245046769822,2.2341446371602074,328.76659892032967
2025-10-12T12:17:00Z,59.913897464297186,10.752244786816458,1.5226847977218756,180.54586608739186
2025-10-12T12:18:00Z,59.91388639055244,10.752214397002403,2.0965903579335503,233.98701507999544
2025-10-12T12:19:00Z,59.91389124394773,10.75218168178233,1.9039337545154067,286.4853609969964
2025-10-12T12:20:00Z,59.91388048806628,10.75221645141003,2.2800106836351324,121.6782564665529
2025-10-12T12:21:00Z,59.91388982414539,10.75222893466116,1.251165905279888,33.83349834271284
2025-10-12T12:22:00Z,59.91390432735377,10.752235581621639,1.656560281992348,12.93921856682715
2025-10-12T12:23:00Z,59.91389192951884,10.752228791732225,1.4311960362649203,195.35206849472758
2025-10-12T12:24:00Z,59.91388381767225,10.752218403346495,1.0730825042565688,212.69997380484386
2025-10-12T12:25:00Z,59.91388871907976,10.752220740824487,0.5610004998780989,13.44534794971719
2025-10-12T12:26:00Z,59.91387641777195,10.752250330858578,2.1452011213193165,129.66863090805464
2025-10-12T12:27:00Z,59.91386970947073,10.752248448368505,0.7541210253037696,188.00757361972958
2025-10-12T12:28:00Z,59.913873614729006,10.752284164375443,2.0399871061972217,77.69556989886354
2025-10-12T12:29:00Z,59.913887095894225,10.752300147811203,1.7457809516380005,30.72508739775648
2025-10-12T12:30:00Z,59.91388178065465,10.752298031518002,0.6033634423372154,191.2876673645333
2025-10-12T12:31:00Z,59.91387255066575,10.75227649297577,1.581270243220213,229.47476453935437
2025-10-12T12:32:00Z,59.91388988587416,10.752271205596108,1.952182667445323,351.3067486065125
2025-10-12T12:33:00Z,59.91388379356621,10.75229583389987,1.5326006966023906,116.26433025884855
2025-10-12T12:34:00Z,59.91388134266558,10.752332972093548,2.090372389537407,97.49961045434672
2025-10-12T12:35:00Z,59.9138922471032,10.752344657220254,1.3779428414112722,28.244297283215744
2025-10-12T12:36:00Z,59.913897058504666,10.75234236244896,0.550701486830915,346.55342928405304
2025-10-12T12:37:00Z,59.91389056189358,10.752305662733946,2.1719602410244114,250.55071419373127
2025-10-12T12:38:00Z,59.913896049378735,10.752326588939018,1.3179058888285398,62.38595522550448
2025-10-12T12:39:00Z,59.913896038234405,10.75234115530087,0.8128740853421721,90.08744333925432
2025-10-12T12:40:00Z,59.91389287032903,10.752313217441756,1.598453329412241,257.25453217202244
2025-10-12T12:41:00Z,59.91388981278999,10.7523452629182,1.8203947534354625,100.77620290053942
2025-10-12T12:42:00Z,59.91388816821943,10.752302206315944,2.409730561326388,265.64289001047666
2025-10-12T12:43:00Z,59.91387713361678,10.752283591968691,1.6087081050228014,220.2194686443668
2025-10-12T12:44:00Z,59.91387730512066,10.752307587447401,1.3392001248555798,89.18315622041669
2025-10-12T12:45:00Z,59.91387784161877,10.75228589626839,1.2119453573025232,272.82459976717286
2025-10-12T12:46:00Z,59.91388138350867,10.75229221038658,0.5287869772595117,41.786150582489846
2025-10-12T12:47:00Z,59.9138865283718,10.75229489563603,0.5920052840435055,14.662368834829248
2025-10-12T12:48:00Z,59.91388082670624,10.75225694450371,2.2109211680220144,253.31682937680853
2025-10-12T12:49:00Z,59.913891455650365,10.752271912624726,1.4483476581746504,35.22029783436053
2025-10-12T12:50:00Z,59.9138783162753,10.75227632236034,1.4832317502336647,170.44983748100364
2025-10-12T12:51:00Z,59.91387136024455,10.752282446262992,0.8464037398200304,156.1865937256703
2025-10-12T12:52:00Z,59.913862661844426,10.752266983234966,1.2970094687947469,221.70603529879793
2025-10-12T12:53:00Z,59.913877923731135,10.752275891286482,1.7701873017352876,16.309443517936025
2025-10-12T12:54:00Z,59.9138700316175,10.752259976980715,1.2492252292529424,225.3095696571251
2025-10-12T12:55:00Z,59.91387842459032,10.75223880508464,1.5062725171601754,308.33634282779605
2025-10-12T12:56:00Z,59.91388691676603,10.752266619220775,1.81738726323789,58.65639374931469
2025-10-12T12:57:00Z,59.91388331345811,10.752257656559175,0.6411374948008597,231.27094015427363
2025-10-12T12:58:00Z,59.913879049782885,10.752252570481799,0.5530226210832436,210.8792092584468
2025-10-12T12:59:00Z,59.91386002555892,10.752233091512442,2.380460482849915,207.17070403531642
2025-10-12T13:00:00Z,59.913852901240084,10.752215171314631,1.2763398524130438,231.58375863924715
2025-10-12T13:01:00Z,59.91384069570813,10.752207995221173,1.4165057809830333,196.42204415373658
2025-10-12T13:02:00Z,59.91382454104969,10.752236011362948,2.3829296175530503,138.99694960827873
2025-10-12T13:03:00Z,59.913842565656886,10.752211691599365,2.4223811276478284,325.92623110418293
2025-10-12T13:04:00Z,59.913849826209216,10.752218436109798,0.8915822695785929,24.970068315059564
2025-10-12T13:05:00Z,59.91385608710528,10.752219872302112,0.7015560027548533,6.559857234557902
2025-10-12T13:06:00Z,59.91385355848656,10.752208605324512,0.6888859215118568,245.88243842988845
2025-10-12T13:07:00Z,59.913851135163966,10.752219052235786,0.642377296920458,114.83122690575406
2025-10-12T13:08:00Z,59.91387059602408,10.752224769471113,2.1897506219389093,8.377896864897313
2025-10-12T13:09:00Z,59.91386679377551,10.752262157555002,2.1289369651778713,101.46771891842397
2025-10-12T13:10:00Z,59.91386462124388,10.752249694850827,0.7363296552433125,250.82537953109423
2025-10-12T13:11:00Z,59.91387595944734,10.752227769217006,1.757885693559768,315.88992486973905
2025-10-12T13:12:00Z,59.91388179522873,10.752194439605178,1.9701420876077715,289.2531349385455
2025-10-12T13:13:00Z,59.913886003714545,10.752211559725055,1.064069145142613,63.878235760700214
2025-10-12T13:14:00Z,59.913892287878134,10.752177960866698,2.0012295032817167,290.46050613621503
2025-10-12T13:15:00Z,59.913873276317574,10.75220116244333,2.4810102840013464,148.54236368811354
2025-10-12T13:16:00Z,59.913875122443756,10.752179176114058,1.2440361715855663,279.50866586711885
2025-10-12T13:17:00Z,59.913884748134706,10.752170251967156,1.1816070805060357,335.0726372172833
2025-10-12T13:18:00Z,59.9138667833694,10.752187392736761,2.2168255036860236,154.43784985500662
2025-10-12T13:19:00Z,59.91386729656926,10.752151536960733,2.0017421355829947,271.63543467048567
2025-10-12T13:20:00Z,59.91387248837083,10.75214426332852,0.7062477376718652,324.919046404644
2025-10-12T13:21:00Z,59.91387875903844,10.752120259441929,1.5105047448957143,297.524687798787
2025-10-12T13:22:00Z,59.91388687211316,10.752107790820679,1.1400992020612235,322.3883622586322
2025-10-12T13:23:00Z,59.91389832953835,10.752109349567101,1.2784033574683262,3.9015545329074097
2025-10-12T13:24:00Z,59.913915765479736,10.75213181898562,2.3107639528385273,32.86320364300808
2025-10-12T13:25:00Z,59.91392549451138,10.75212552143354,1.1386272751808297,342.02230813828976
2025-10-12T13:26:00Z,59.91390617997644,10.752106363982882,2.401214293875112,206.437639724383
2025-10-12T13:27:00Z,59.91389116065354,10.752116423367871,1.7636744243395985,161.44038791219512
2025-10-12T13:28:00Z,59.91388653093048,10.75213356161004,1.086421543396129,118.31923633316974
2025-10-12T13:29:00Z,59.91388677820148,10.75210050297494,1.8450369121540768,270.8548305975648
2025-10-12T13:30:00Z,59.913891388494406,10.75206432422551,2.083158087451697,284.2625314060394
2025-10-12T13:31:00Z,59.913885262076164,10.752064752849456,0.6824122060973807,177.99130969292932
2025-10-12T13:32:00Z,59.91388000182081,10.752061377707557,0.6151175200332886,197.8303976365448
2025-10-12T13:33:00Z,59.913889459594095,10.752045306050373,1.383061002746754,319.57350579298793
2025-10-12T13:34:00Z,59.91389746451725,10.75205975686773,1.2018300251041574,42.14412591393811
2025-10-12T13:35:00Z,59.913897974717315,10.75204570917901,0.7859833641056717,274.14382741829
2025-10-12T13:36:00Z,59.91391052926086,10.752064175965382,1.7364361266325221,36.40416340420449
2025-10-12T13:37:00Z,59.91390870914052,10.752052765574504,0.6682136122299949,252.3488873252832
2025-10-12T13:38:00Z,59.91391123931472,10.752042357197023,0.645526012728387,295.86962134452824
2025-10-12T13:39:00Z,59.91392622363683,10.752059121277592,1.9124844543129924,29.285561031083915
2025-10-12T13:40:00Z,59.91393221822212,10.752058115080832,0.6696754281703838,355.1902482604232
2025-10-12T13:41:00Z,59.913924507561276,10.752074362653795,1.2485415915122406,133.43117294408074
2025-10-12T13:42:00Z,59.91394256278976,10.752061967752896,2.125599134515005,341.0094878581891
2025-10-12T13:43:00Z,59.91394303409944,10.752017680378751,2.472002127645742,271.216146693219
2025-10-12T13:44:00Z,59.91395277227931,10.752028923152569,1.2525191710618315,30.060258011520755
2025-10-12T13:45:00Z,59.913935546980284,10.752015715532366,2.0542938318548734,201.02552990488982
2025-10-12T13:46:00Z,59.91394562316905,10.752002304131906,1.3484440184939526,326.28757863410493
2025-10-12T13:47:00Z,59.913939140780066,10.752002903762802,0.7223949646123027,177.3450375447093
2025-10-12T13:48:00Z,59.913934535980566,10.752004736276454,0.5227072895348381,168.71783111788545
2025-10-12T13:49:00Z,59.91393857544597,10.75201219137129,0.6126065513636747,42.77444985650589
2025-10-12T13:50:00Z,59.91393466780737,10.752001573656122,0.7350524935542098,233.71570876178288
2025-10-12T13:51:00Z,59.91391917213228,10.751983718027127,1.9920897585308466,210.01275543497746
2025-10-12T13:52:00Z,59.913903785173126,10.752014462067098,2.424345096949084,134.95340862853345
2025-10-12T13:53:00Z,59.91391031173957,10.752000351095859,1.0714241725637215,312.6956861482057
2025-10-12T13:54:00Z,59.913918594303716,10.751996463724549,0.9471916770389053,346.76011419862004
2025-10-12T13:55:00Z,59.91392322013059,10.751994696173638,0.5243089493796327,349.15637761475006
2025-10-12T13:56:00Z,59.91392730241429,10.751988057315726,0.5863198239011522,320.8115209313056
2025-10-12T13:57:00Z,59.91394126111782,10.751986825667856,1.5554022181725997,357.4673266029481
2025-10-12T13:58:00Z,59.913935773592954,10.751982973442157,0.6475931294707977,199.3875423844755
2025-10-12T13:59:00Z,59.91391409762291,10.75197665374847,2.438605071238198,188.31522390125357
2025-10-12T14:00:00Z,59.91390881573061,10.751946950152236,1.758797276270525,250.46952803446217
2025-10-12T14:01:00Z,59.91390001022441,10.751928810909417,1.4090821295355465,225.92090883026285
2025-10-12T14:02:00Z,59.91391220075063,10.751911411921455,1.6686286238462005,324.41688377675604
2025-10-12T14:03:00Z,59.91391117458377,10.751921800738176,0.5908927606829157,101.14674825320292
2025-10-12T14:04:00Z,59.913927814897654,10.751894432584411,2.4008229681531175,320.4949622007299
2025-10-12T14:05:00Z,59.91391858027665,10.751877104898849,1.4113135055714259,223.24773520855322
2025-10-12T14:06:00Z,59.91392217202821,10.7518945951806,1.0547623659622654,67.72361750055407
2025-10-12T14:07:00Z,59.913914418364705,10.751914967305865,1.4273968098799643,127.20680208937901
2025-10-12T14:08:00Z,59.913927644752015,10.751928986831354,1.6673122237017441,27.98446930739454
2025-10-12T14:09:00Z,59.91394955999062,10.751925189684286,2.448789615332333,355.03586801265703
2025-10-12T14:10:00Z,59.91393296135342,10.751917548597147,1.8963234280394903,192.99469188388335
2025-10-12T14:11:00Z,59.913936883758105,10.7518990850539,1.1190552325726555,292.9662070945015
2025-10-12T14:12:00Z,59.91394564786114,10.751927661403295,1.8694623451077585,58.54209816416087
2025-10-12T14:13:00Z,59.91395482826516,10.751890301665563,2.321854368987685,296.1134074523408
2025-10-12T14:14:00Z,59.91395155246789,10.751847801144136,2.399599826583848,261.2590230198096
2025-10-12T14:15:00Z,59.913938042251445,10.751863007042418,1.7268303918715797,150.5674930646228
2025-10-12T14:16:00Z,59.913952200808794,10.751831399351847,2.3654569667080265,311.783000220147
2025-10-12T14:17:00Z,59.913957432153204,10.751833144187813,0.5904373402123788,9.492110819010723
2025-10-12T14:18:00Z,59.91396161181928,10.75181229771865,1.2529267337560992,291.79919908145985
2025-10-12T14:19:00Z,59.91397463065158,10.751848240169705,2.474552258629889,54.15008079727015
2025-10-12T14:20:00Z,59.91396351729182,10.75186882603545,1.6882614307042703,137.12070838716775
2025-10-12T14:21:00Z,59.91397550646869,10.751832226461309,2.4398287956292064,303.1628123288551
2025-10-12T14:22:00Z,59.91395633038393,10.75183984960655,2.1766574094222757,168.7295375261893
2025-10-12T14:23:00Z,59.913954580050635,10.75186341903005,1.3296390046753304,98.42654589505425
2025-10-12T14:24:00Z,59.91395821297485,10.751855169952286,0.6127509933018542,311.30005545181916
2025-10-12T14:25:00Z,59.91397730926189,10.751855102377673,2.1258020182601554,359.898362383007
2025-10-12T14:26:00Z,59.913956256677,10.751839854079734,2.4932736741478108,199.9554140169459
2025-10-12T14:27:00Z,59.913973472568976,10.751827432887573,2.037974830361021,340.1156627576741
2025-10-12T14:28:00Z,59.913973801744,10.751866837992482,2.1992947813548227,89.04531662755116
2025-10-12T14:29:00Z,59.913982465881865,10.751885049179938,1.401088270620187,46.497389454538194
2025-10-12T14:30:00Z,59.91396547136993,10.75185834987828,2.4081020545174447,218.2228684023168
2025-10-12T14:31:00Z,59.91396140933513,10.75184323008016,0.9572856110069254,241.81224638610843
2025-10-12T14:32:00Z,59.91395160683339,10.751867430463589,1.7362564809157917,128.93857849182257
2025-10-12T14:33:00Z,59.913948516866434,10.751855951019003,0.727115184399258,241.76635041340785
2025-10-12T14:34:00Z,59.9139504512362,10.751828614761491,1.5406154018075866,278.03462102483013
2025-10-12T14:35:00Z,59.913958737048404,10.7518065086726,1.5403270022239868,306.78534011467445
2025-10-12T14:36:00Z,59.91394537302705,10.751795771565874,1.603813677548971,201.93766975273905
2025-10-12T14:37:00Z,59.91392874071607,10.751818784918424,2.2533072053166903,145.25383183646292
2025-10-12T14:38:00Z,59.91393552750373,10.751821260335246,0.7680304569012815,10.36176347280203
2025-10-12T14:39:00Z,59.91392238747717,10.751796549621194,2.0102745113472382,223.31143848724727
2025-10-12T14:40:00Z,59.913926340386716,10.751829821474393,1.9081595361984471,76.66709814320787
2025-10-12T14:41:00Z,59.91393325305645,10.751831085170675,0.7727429511735395,5.236079640437494
2025-10-12T14:42:00Z,59.913924139523985,10.751819561112857,1.201175117613194,212.37036726766792
2025-10-12T14:43:00Z,59.91391347985108,10.751828372891996,1.2844880901994646,157.49097192854245
2025-10-12T14:44:00Z,59.91390147622113,10.751862101677053,2.308317388987497,125.37196812838812
2025-10-12T14:45:00Z,59.9139043569801,10.751835330724056,1.5279789783196216,282.1150845868115
2025-10-12T14:46:00Z,59.913895994309904,10.751819248589355,1.2930855646425403,223.95121208203446
2025-10-12T14:47:00Z,59.913914982463155,10.75180681510349,2.22472741749349,341.82742451675114
2025-10-12T14:48:00Z,59.91392137081495,10.7518004812576,0.7941469618580759,333.571545058138
2025-10-12T14:49:00Z,59.913920680459384,10.751827042456465,1.4842325861590764,92.96797978762501
2025-10-12T14:50:00Z,59.913933320814856,10.751823862288544,1.4182715124765226,352.8117271027717
2025-10-12T14:51:00Z,59.91392698514185,10.751847284930006,1.4852361879857392,118.35057970350296
2025-10-12T14:52:00Z,59.913927967220594,10.751878884671267,1.7668017086334515,86.4524227601495
2025-10-12T14:53:00Z,59.91393200486542,10.751887341587858,0.6517266562173278,46.39669988783372
2025-10-12T14:54:00Z,59.91393593116081,10.75189839728017,0.7560916779155449,54.684969664425964
2025-10-12T14:55:00Z,59.91393150792338,10.751887611310238,0.7776543452988203,230.71490812915727
2025-10-12T14:56:00Z,59.91392711970748,10.751900376484258,0.8637601687982897,124.44022199659075
2025-10-12T14:57:00Z,59.9139067913744,10.75190707064868,2.2935768198120234,170.62619049463405
2025-10-12T14:58:00Z,59.913914521703475,10.751936115446764,1.8351154770420544,62.03515363258674
2025-10-12T14:59:00Z,59.913922207420576,10.751940141237439,0.8845780376173416,14.71270185593239
2025-10-12T15:00:00Z,59.913920862599866,10.751954913942372,0.8378701261443291,100.2925220515051
2025-10-12T15:01:00Z,59.913927373381995,10.751963008479683,0.8540209685534936,31.93291215254002
2025-10-12T15:02:00Z,59.91392091563169,10.751966248909127,0.7412717422012016,165.88035649178127
2025-10-12T15:03:00Z,59.913915522074504,10.751978566199679,0.912667436811585,131.13714997730716
2025-10-12T15:04:00Z,59.913910570354545,10.751953435896606,1.5068345417097138,248.5421383065715
2025-10-12T15:05:00Z,59.91391215825313,10.751943562855306,0.5786242796821979,287.7877436072554
2025-10-12T15:06:00Z,59.913925895024704,10.751959024195003,1.7558007789818155,29.433251501593887
2025-10-12T15:07:00Z,59.91394363759915,10.751939818559658,2.2471572482135542,331.51406419145275
2025-10-12T15:08:00Z,59.91394269824168,10.751950808759355,0.6221559197097275,99.67595333299334
2025-10-12T15:09:00Z,59.91394249074974,10.751912957559323,2.1124025595861227,269.373488538117
2025-10-12T15:10:00Z,59.91394446309481,10.751928025256303,0.8690420387127546,75.3657564012157
2025-10-12T15:11:00Z,59.91393336822162,10.751930184310634,1.240944205582764,174.42827466876767
2025-10-12T15:12:00Z,59.91392276766073,10.751953012929084,1.736509543060592,132.80891024511806
2025-10-12T15:13:00Z,59.91392256424531,10.751927479457773,1.4250694322662958,269.0895377281524
2025-10-12T15:14:00Z,59.91392248538335,10.751937752758469,0.5733664057811958,90.87729996384748
2025-10-12T15:15:00Z,59.91393617496656,10.75191662718102,1.9266991717691049,322.27446156739177
2025-10-12T15:16:00Z,59.91392276812439,10.75191115643792,1.5233548842313323,191.56085469551363
2025-10-12T15:17:00Z,59.91391669820961,10.75191530949788,0.7143440226795521,161.06845205644368
2025-10-12T15:18:00Z,59.91391736316116,10.751943326510172,1.5652345329100463,87.28938130850268
2025-10-12T15:19:00Z,59.91391067268619,10.751956295053693,1.038486461898762,135.82229871766415
2025-10-12T15:20:00Z,59.9139085495603,10.751964998417614,0.5401423955554527,115.94849960994418
2025-10-12T15:21:00Z,59.91390467032035,10.751979614204059,0.9228960139930893,117.89904678404928
2025-10-12T15:22:00Z,59.91390980301732,10.751971200947132,0.7395242636385024,320.58982106636216
2025-10-12T15:23:00Z,59.91390327258742,10.751943917726377,1.6871849071080973,244.47683489201626
2025-10-12T15:24:00Z,59.913884603499014,10.751944282254016,2.078342477214677,179.4391916144606
2025-10-12T15:25:00Z,59.9138787140884,10.751941492448111,0.6738405761748474,193.3583550546772
2025-10-12T15:26:00Z,59.9138782833286,10.751911513058909,1.6736822360417583,268.3582107063588
2025-10-12T15:27:00Z,59.91388680162812,10.75192906554664,1.3633190924593588,45.928909006402954
2025-10-12T15:28:00Z,59.91388054682388,10.751943566633539,1.067551811597449,130.70962670350863
2025-10-12T15:29:00Z,59.913866016190966,10.751929753398457,1.7918344826632024,205.48018968080828
2025-10-12T15:30:00Z,59.9138768663982,10.751927915155404,1.2121934517956925,355.1454895654727
2025-10-12T15:31:00Z,59.91387809901999,10.751958486701284,1.7115496387137743,85.40164502495801
2025-10-12T15:32:00Z,59.913881721492125,10.75196881793464,0.7035649452408075,55.02929010635953
2025-10-12T15:33:00Z,59.91388646371735,10.751983866265105,0.9919154567690163,57.84529437344004
2025-10-12T15:34:00Z,59.913884748142564,10.751999133618844,0.8731340481026115,102.63426072978496
2025-10-12T15:35:00Z,59.91389080973983,10.751989967316423,0.8467471905895096,322.8355528655131
2025-10-12T15:36:00Z,59.9138849469105,10.751988151761859,0.6604674913232844,188.82410024529167
2025-10-12T15:37:00Z,59.913896739098796,10.751985536619449,1.320793653979323,353.6563020870983
2025-10-12T15:38:00Z,59.9138915288596,10.751993303980482,0.7240778043361047,143.228015656467
2025-10-12T15:39:00Z,59.91390607001769,10.751960612756603,2.4389408665507375,311.5825653218329
2025-10-12T15:40:00Z,59.91390511846155,10.751998808641913,2.1341441418985596,92.84501773617833
2025-10-12T15:41:00Z,59.913901419199135,10.751985652616762,0.8417751747801316,240.71155917279515
2025-10-12T15:42:00Z,59.91388156366341,10.751970895258362,2.358751978255172,200.4346414850147
2025-10-12T15:43:00Z,59.91387879958058,10.751999820343904,1.6432253789397997,100.79247371770231
2025-10-12T15:44:00Z,59.91388585746006,10.752033536640862,2.038985866383874,67.33574948070842
2025-10-12T15:45:00Z,59.913876661193115,10.752042820505325,1.1473584728084874,153.15711790191003
2025-10-12T15:46:00Z,59.913877310089006,10.752069941767957,1.51522075736891,87.26750366942889
2025-10-12T15:47:00Z,59.913872275890775,10.752061567974108,0.7296736494784071,219.82321527898773
2025-10-12T15:48:00Z,59.9138638322601,10.752052136839632,1.0772611064805115,209.24575971214043
2025-10-12T15:49:00Z,59.91385661833729,10.752053850131364,0.8087254305484046,173.21043666773429
2025-10-12T15:50:00Z,59.91386993970185,10.75206282229008,1.5651788651031717,18.65647325607369
2025-10-12T15:51:00Z,59.91387693833632,10.752078540946544,1.1732085563878412,48.389283698030724
2025-10-12T15:52:00Z,59.91388255730273,10.752077832939086,0.6267499409455355,356.38568366038027
2025-10-12T15:53:00Z,59.91388633519756,10.752058754765528,1.144707689949446,291.5548005076686
2025-10-12T15:54:00Z,59.91388255250361,10.752042318164923,1.0092813095275277,245.34098000061454
2025-10-12T15:55:00Z,59.913867582072065,10.752021847502673,2.020455719779373,214.42994661882395
2025-10-12T15:56:00Z,59.913856556591305,10.75203545087288,1.4431523771003167,148.26272909301667
2025-10-12T15:57:00Z,59.913866278392774,10.752026254985596,1.1977365330859906,334.6304919292173
2025-10-12T15:58:00Z,59.91388522619077,10.7520178130156,2.1612388155754583,347.4096878399445
2025-10-12T15:59:00Z,59.91388441973781,10.752004495317887,0.7485944469710895,263.11229107331195
2025-10-12T16:00:00Z,59.913893360182016,10.752043170473137,2.3766809136420757,65.24390381963765
2025-10-12T16:01:00Z,59.91389304310764,10.752031845149196,0.632992534733555,266.8034337444213
2025-10-12T16:02:00Z,59.913901123314396,10.752007080134698,1.6489462263598238,303.05835963297795
2025-10-12T16:03:00Z,59.913903088307734,10.751993672229476,0.779544753252579,286.29623226956045
2025-10-12T16:04:00Z,59.913907277521204,10.75200753409363,0.9032546400954891,58.91613943165362
2025-10-12T16:05:00Z,59.9139102151475,10.751993892519979,0.8285315958619859,293.2468992832976
2025-10-12T16:06:00Z,59.91389394488056,10.751989155631039,1.8303944413924003,188.30355291688295
2025-10-12T16:07:00Z,59.913901785685546,10.751973941359962,1.217660968247005,315.79219469271897
2025-10-12T16:08:00Z,59.91390647591255,10.751952903274729,1.2848902148452708,293.97579820976773
2025-10-12T16:09:00Z,59.913897614812996,10.751970152773557,1.3782698171404368,135.69999459296673
2025-10-12T16:10:00Z,59.9138935528324,10.751994375298851,1.4253595713392129,108.49603469909115
2025-10-12T16:11:00Z,59.913875632177486,10.751993764203874,1.9952187603525022,180.9793404332925
2025-10-12T16:12:00Z,59.913882627492505,10.751983568699488,0.9644253902936346,323.84684637884465
2025-10-12T16:13:00Z,59.91387166262391,10.751977429164091,1.2677824427464228,195.6790300010359
2025-10-12T16:14:00Z,59.91385690058448,10.7519482623592,2.3129442219290937,224.72567852903717
2025-10-12T16:15:00Z,59.913863026896294,10.75194340887954,0.7337960814167281,338.33956450085105
2025-10-12T16:16:00Z,59.91385500782261,10.751970494150907,1.7554161061428357,120.566021276551
2025-10-12T16:17:00Z,59.91385691784479,10.751957073329898,0.7785441453267745,285.8490681373066
2025-10-12T16:18:00Z,59.91384163013204,10.751950565604885,1.740145511857027,192.04599311147575
2025-10-12T16:19:00Z,59.91384656541946,10.751910769126956,2.2877851661019153,283.8949960408311
2025-10-12T16:20:00Z,59.91384383637527,10.751924095774275,0.8033497594655024,112.21994440639736
2025-10-12T16:21:00Z,59.91384349580317,10.751906243272073,0.9969782796289315,267.8206653261637
2025-10-12T16:22:00Z,59.91383888510551,10.751901923064336,0.5670648694715588,205.16028655367396
2025-10-12T16:23:00Z,59.91385188931742,10.751876551453199,2.024917371481381,315.6356292342298
2025-10-12T16:24:00Z,59.91385649442794,10.75185742325999,1.184163497431815,295.6526296819246
2025-10-12T16:25:00Z,59.91386018502012,10.751846800195754,0.7212634739104145,304.7228250244265
2025-10-12T16:26:00Z,59.913854766969386,10.751854937659397,0.7549773246639648,143.02342460173222
2025-10-12T16:27:00Z,59.91386583459916,10.75188529200046,2.0945907315591072,53.97027384555856
2025-10-12T16:28:00Z,59.91386434104653,10.751868376402287,0.958502790465283,260.0109246215039
2025-10-12T16:29:00Z,59.91385332920681,10.751841430182383,1.9400730730921487,230.81314783870704
2025-10-12T16:30:00Z,59.91383697742261,10.751832457265781,1.8878968889342,195.38079960513463
2025-10-12T16:31:00Z,59.9138318774379,10.751847287173003,1.0035981178139055,124.450557661411
2025-10-12T16:32:00Z,59.91383838375024,10.751838872206298,0.8631954336028513,327.0422020801062
2025-10-12T16:33:00Z,59.913826223509496,10.751856298684864,1.666783589532241,144.30651003491036
2025-10-12T16:34:00Z,59.91383832023389,10.751848000211481,1.4240116072882654,341.02200226025354
2025-10-12T16:35:00Z,59.91383211138421,10.75184054570022,0.8067028062321604,211.042739526047
2025-10-12T16:36:00Z,59.9138217269884,10.751823087630621,1.511777357768932,220.12352475647322
2025-10-12T16:37:00Z,59.913825070966354,10.751816171492573,0.536220367641681,313.96460721989456
2025-10-12T16:38:00Z,59.91380558657403,10.751799313360726,2.364236564967225,203.44794609211522
2025-10-12T16:39:00Z,59.91382061739939,10.751783437734785,1.8933016477537845,332.09977722382644
2025-10-12T16:40:00Z,59.91383050286659,10.751811510499822,1.9144772686267972,54.91405544913408
2025-10-12T16:41:00Z,59.91381887152028,10.751793109113482,1.6525767203336263,218.41741669782812
2025-10-12T16:42:00Z,59.9138178411827,10.751769036447458,1.348261342604772,265.11992482490024
2025-10-12T16:43:00Z,59.91383683494254,10.751749901283072,2.3687340295380297,333.2046646464395
2025-10-12T16:44:00Z,59.913846371522105,10.751766302174175,1.4016787428082642,40.765696502671894
2025-10-12T16:45:00Z,59.913858129097676,10.751728772605091,2.469682397924669,302.0033111205363
2025-10-12T16:46:00Z,59.913864044828514,10.751722366144037,0.7493253624065337,331.50307774225405
2025-10-12T16:47:00Z,59.91384406529646,10.751717626593338,2.2397927241242566,186.78170056538596
2025-10-12T16:48:00Z,59.91383189328396,10.751735501165005,1.6825508714898585,143.6409733932469
2025-10-12T16:49:00Z,59.913829100231986,10.751744895629555,0.6095232776440627,120.67100699252433
2025-10-12T16:50:00Z,59.91384800802175,10.751745993660625,2.105706897196023,1.6675282816570292
2025-10-12T16:51:00Z,59.91383959833445,10.751758479343543,1.1669983433822884,143.3407296927396
2025-10-12T16:52:00Z,59.91385198884142,10.751744862028339,1.5747912058758458,331.14802190859376
2025-10-12T16:53:00Z,59.91384585833816,10.751762390080554,1.1926919887319225,124.90315268264197
2025-10-12T16:54:00Z,59.913828910247624,10.751772856453368,1.9750024962194968,162.7984587203306
2025-10-12T16:55:00Z,59.91382076129133,10.751777864087686,0.9492096458799639,162.8782258077696
2025-10-12T16:56:00Z,59.9138238946677,10.751790400228003,0.7817140407595997,63.49931514224039
2025-10-12T16:57:00Z,59.91381215642475,10.751803479657527,1.4967355454789595,150.81316182163724
2025-10-12T16:58:00Z,59.91379857546466,10.751835242423901,2.3296918021362,130.46180368198793
2025-10-12T16:59:00Z,59.91378851607596,10.751813255123988,1.661176700556087,227.61514365103093
2025-10-12T17:00:00Z,59.913786072644115,10.751805183583803,0.5261889131766673,238.87345392601583
2025-10-12T17:01:00Z,59.91379353392536,10.751801468586198,0.8560719337395029,345.98531428900384
2025-10-12T17:02:00Z,59.91378737751978,10.751808770646003,0.7973254555062259,149.26468454172854
2025-10-12T17:03:00Z,59.913793401324945,10.751808534619533,0.6706993361572877,358.87473066454106
2025-10-12T17:04:00Z,59.913782242480885,10.75179332809075,1.5043900206624852,214.33860623521576
2025-10-12T17:05:00Z,59.913782241065995,10.751781964362495,0.634152954776855,269.985769343704
2025-10-12T17:06:00Z,59.91378886591178,10.751772113845643,0.9198111861911715,323.299544198657
2025-10-12T17:07:00Z,59.913791843237206,10.751787305968275,0.9102792809640143,68.64757943891996
2025-10-12T17:08:00Z,59.9137867741094,10.751789099145684,0.5730993356961898,169.94410023959972
2025-10-12T17:09:00Z,59.91380018366604,10.751800816336576,1.6296822665252328,23.655110194206852
2025-10-12T17:10:00Z,59.91378254667951,10.751811449243794,2.051055233390021,163.18398050928994
2025-10-12T17:11:00Z,59.913769586424536,10.75182154217973,1.54878053865516,158.67458889776213
2025-10-12T17:12:00Z,59.91375870600729,10.751813005533698,1.301526121750652,201.47051927095845
2025-10-12T17:13:00Z,59.91376172591727,10.751826220671896,0.810480491861425,65.4941269782976
2025-10-12T17:14:00Z,59.913780566583526,10.751812986623808,2.2235712420270346,340.6015663681078
2025-10-12T17:15:00Z,59.91377911106927,10.751835135962963,1.246618632559506,97.46808233167935
2025-10-12T17:16:00Z,59.913765618524906,10.751852518529846,1.7879990864780315,147.14430159531472
2025-10-12T17:17:00Z,59.913768369810676,10.751860721435191,0.5507727113206897,56.21493505182853
2025-10-12T17:18:00Z,59.913758971746645,10.75183161727669,1.931944457694795,237.2126190876545
2025-10-12T17:19:00Z,59.913759843933256,10.751841394541048,0.554191985006967,79.9099782958618
2025-10-12T17:20:00Z,59.91375577045522,10.751826188196347,0.9621495931761428,241.88138769554223
2025-10-12T17:21:00Z,59.91375961586779,10.751832069788247,0.5394210755087283,37.479089514446585
2025-10-12T17:22:00Z,59.91376780308658,10.751865968697558,2.099832170746379,64.2760783395601
2025-10-12T17:23:00Z,59.91376900623292,10.751898233129525,1.8054922157037494,85.74580117682154
2025-10-12T17:24:00Z,59.91376927548505,10.751910745259096,0.6988827855186903,87.54198875980347
2025-10-12T17:25:00Z,59.91378004202114,10.751883305921227,1.9445338637113183,308.0507285182629
2025-10-12T17:26:00Z,59.91376454536517,10.751906612153014,2.160439729133983,142.98607066264373
2025-10-12T17:27:00Z,59.91376914875326,10.751938208085274,1.8361702731412923,73.79434634969554
2025-10-12T17:28:00Z,59.91377690926061,10.751926406809217,1.0862954605220265,322.6808946676031
2025-10-12T17:29:00Z,59.913780968690816,10.751931230802263,0.5260038470214721,30.783071107608507
2025-10-12T17:30:00Z,59.913789081130375,10.751933953843112,0.9157725102920546,9.551593394575097
2025-10-12T17:31:00Z,59.913782361243825,10.751926247279028,0.8628708701795946,209.89496194908918
2025-10-12T17:32:00Z,59.9137917836792,10.751911222186862,1.342849101184996,321.36181598771094
2025-10-12T17:33:00Z,59.9137813234068,10.7519432867979,2.134887123476882,123.05424661123536
2025-10-12T17:34:00Z,59.91377466370426,10.75195581045459,1.018846866862585,136.68926694021607
2025-10-12T17:35:00Z,59.91377295392162,10.751985732084409,1.6805898850296155,96.50291069623546
2025-10-12T17:36:00Z,59.913759724820125,10.752002616500707,1.748297815698268,147.38819478884656
2025-10-12T17:37:00Z,59.91374646002174,10.75201384535208,1.6040943617039605,157.005550488714
2025-10-12T17:38:00Z,59.91375573343551,10.752007635400474,1.0889315190838353,341.4431905063764
2025-10-12T17:39:00Z,59.913767331371474,10.75203564203821,2.0272115883195214,50.44074327592292
2025-10-12T17:40:00Z,59.913747299354355,10.752038804333477,2.2369359517958256,175.4752313698249
2025-10-12T17:41:00Z,59.91375363596901,10.751999780812962,2.289104453788183,287.9478921410335
2025-10-12T17:42:00Z,59.91376564631176,10.752003185863005,1.350427008938467,8.088950995242264
2025-10-12T17:43:00Z,59.913756644672894,10.751998378360579,1.0373547187698922,194.9883172779121
2025-10-12T17:44:00Z,59.91375585834388,10.752030002504032,1.7669564396522945,92.83956675595282
2025-10-12T17:45:00Z,59.91375941658044,10.752017988466836,0.7787121481456483,300.57488524774766
2025-10-12T17:46:00Z,59.91373752732819,10.752010878416309,2.4688043614071042,189.2484656289669
2025-10-12T17:47:00Z,59.91373646894346,10.752025842791404,0.843358571696607,98.03063754697283
2025-10-12T17:48:00Z,59.91374060855855,10.752020909963754,0.5367813530949335,329.14757036177963
2025-10-12T17:49:00Z,59.913734750438486,10.752014814819558,0.7355021657802823,207.54593118513128
2025-10-12T17:50:00Z,59.91372587541632,10.75200854412197,1.048110441374412,199.50408090568564
2025-10-12T17:51:00Z,59.913733654441266,10.75198020892878,1.8028407767037284,298.70704933459257
2025-10-12T17:52:00Z,59.91374183504484,10.751981338163821,0.9128425435212064,3.958498317052972
2025-10-12T17:53:00Z,59.9137474588983,10.751973189478244,0.7737712601376145,324.00671106531786
2025-10-12T17:54:00Z,59.91373093243302,10.751950046756452,2.2477801551250307,215.068716781311
2025-10-12T17:55:00Z,59.913723157017984,10.751923806307438,1.7010337208673068,239.41320283665198
2025-10-12T17:56:00Z,59.913729720661294,10.751915997597962,0.8507425572468992,329.1883005329855
2025-10-12T17:57:00Z,59.91372080141496,10.751932057164098,1.3375410497841462,137.92987016981908
2025-10-12T17:58:00Z,59.91373401881833,10.751940071682824,1.537835410565675,16.907748039019815
2025-10-12T17:59:00Z,59.91373345702137,10.751925194642244,0.8325667375121588,265.69210191349333
2025-10-12T18:00:00Z,59.91372869034811,10.751917994302216,0.6655973358502529,217.13475940789976
2025-10-12T18:01:00Z,59.913721858298445,10.751929370808252,0.9906982193626419,140.14642105511155
2025-10-12T18:02:00Z,59.913715894134214,10.751944575588219,1.0773874735413997,128.0421779273817
2025-10-12T18:03:00Z,59.913710814430075,10.751977794116012,1.938091810368491,106.96381762434301
2025-10-12T18:04:00Z,59.91369631247766,10.751982180424513,1.6328092805937944,171.37814479167588
2025-10-12T18:05:00Z,59.91371145157423,10.751969522144435,1.8273423307252963,337.25870615691287
2025-10-12T18:06:00Z,59.913715308934385,10.752003885590423,1.9651441944205006,77.37853629267244
2025-10-12T18:07:00Z,59.913714920041706,10.752013933010538,0.5623662701225693,94.41505594793703
2025-10-12T18:08:00Z,59.913729317187936,10.752023549801399,1.6901558614005097,18.513292854330125
2025-10-12T18:09:00Z,59.91371831456226,10.752008259458387,1.4927324944024727,214.86342561008013
2025-10-12T18:10:00Z,59.91371968980787,10.751987501226939,1.1684877816339216,277.5283933484959
2025-10-12T18:11:00Z,59.91372539572055,10.751993313139673,0.7131965062675436,27.049601424891154
2025-10-12T18:12:00Z,59.913707828414196,10.751994306142095,1.9563775124072067,178.37687383423145
2025-10-12T18:13:00Z,59.91369236275984,10.75200769625903,1.876804792855472,156.53784189734864
2025-10-12T18:14:00Z,59.913696114484054,10.751991556426276,0.9928040664782136,294.8768343627119
2025-10-12T18:15:00Z,59.91368969408597,10.751956194261638,2.0988317579379583,250.09072950759364
2025-10-12T18:16:00Z,59.91368178075921,10.751946144366643,1.0442902744599254,212.48304007287135
2025-10-12T18:17:00Z,59.91369098993312,10.751958060388032,1.2219477938800536,32.969546397588296
2025-10-12T18:18:00Z,59.91370467844673,10.751989755610506,2.3346271509244856,49.254707130826105
2025-10-12T18:19:00Z,59.913684343790706,10.752004070471603,2.400474707641605,160.56207826486406
